wave_id,step,respondent,tp,fp,fn,tn,precision,recall,fpr,fnr,pair_accuracy,n_fail_safe,n_pairs_evaluated
pre,5117,Isabella Rodriguez,2,1,0,0,0.666667,1.000000,1.000000,0.000000,0.666667,0,3
pre,5117,Klaus Mueller,2,1,0,0,0.666667,1.000000,1.000000,0.000000,0.666667,0,3
pre,5117,Maria Lopez,2,1,0,0,0.666667,1.000000,1.000000,0.000000,0.666667,0,3
pre,5117,__overall__,6,3,0,0,0.666667,1.000000,1.000000,0.000000,0.666667,0,9
post,5597,Isabella Rodriguez,3,0,0,0,1.000000,1.000000,,0.000000,1.000000,0,3
post,5597,Klaus Mueller,3,0,0,0,1.000000,1.000000,,0.000000,1.000000,0,3
post,5597,Maria Lopez,3,0,0,0,1.000000,1.000000,,0.000000,1.000000,0,3
post,5597,__overall__,9,0,0,0,1.000000,1.000000,,0.000000,1.000000,0,9
